idTravel,idUser,idRoute,transportation,travelDuration,dateTime,travelCost
1,1,1,tren,30,1/27/2024,8
2,2,2,autobus,80,8/23/2024,15
3,3,3,bicicleta,30,8/9/2024,8
4,4,4,autobus,30,10/21/2024,8
5,5,5,bicicleta,120,2/1/2024,8
6,6,6,autobus,40,5/3/2024,0
7,7,7,bicicleta,40,1/11/2024,0
8,8,8,bicicleta,30,5/11/2024,15
9,9,9,bicicleta,120,3/11/2024,8
10,10,10,bicicleta,30,2/13/2024,0
11,11,11,bicicleta,80,2/26/2024,0
12,12,12,bicicleta,30,1/18/2024,0
13,13,13,bicicleta,40,2/3/2024,15
14,14,14,tren,30,11/19/2024,15
15,15,15,bicicleta,120,10/21/2024,8
16,16,16,tren,120,11/17/2024,0
17,17,17,autobus,60,1/1/2024,18
18,18,18,autobus,120,11/1/2024,0
19,19,19,autobus,80,7/24/2024,0
20,20,20,autobus,30,7/7/2024,15
21,21,21,tren,60,10/12/2024,0
22,22,22,tren,30,5/29/2024,18
23,23,23,bicicleta,120,4/4/2024,15
24,24,24,tren,80,2/6/2024,15
25,25,25,autobus,80,8/27/2024,0
26,26,26,autobus,60,6/23/2024,18
27,27,27,bicicleta,80,2/15/2024,18
28,28,28,bicicleta,30,2/13/2024,18
29,29,29,tren,60,4/14/2024,8
30,30,30,tren,30,1/31/2024,18
31,31,31,autobus,60,1/15/2024,15
32,32,32,bicicleta,120,5/8/2024,0
33,33,33,bicicleta,40,2/23/2024,0
34,34,34,bicicleta,120,3/22/2024,18
35,35,35,bicicleta,60,3/4/2024,18
36,36,36,tren,40,3/2/2024,0
37,37,37,bicicleta,60,6/11/2024,8
38,38,38,tren,30,10/19/2024,15
39,39,39,bicicleta,30,1/12/2024,0
40,40,40,tren,40,4/13/2024,18
41,41,41,bicicleta,60,1/12/2024,18
42,42,42,bicicleta,120,4/11/2024,15
43,43,43,autobus,40,2/7/2024,15
44,44,44,bicicleta,80,5/24/2024,18
45,45,45,tren,40,1/26/2024,15
46,46,46,tren,40,4/29/2024,15
47,47,47,autobus,80,3/16/2024,18
48,48,48,bicicleta,30,3/6/2024,15
49,49,49,autobus,40,6/17/2024,8
50,50,50,bicicleta,80,7/14/2024,8
51,51,51,bicicleta,120,5/1/2024,8
52,52,52,bicicleta,40,1/28/2024,18
53,53,53,autobus,80,7/17/2024,8
54,54,54,bicicleta,40,4/28/2024,8
55,55,55,tren,40,7/30/2024,18
56,56,56,bicicleta,60,9/8/2024,0
57,57,57,tren,120,11/15/2024,15
58,58,58,tren,60,10/16/2024,0
59,59,59,bicicleta,80,4/13/2024,0
60,60,60,autobus,30,7/24/2024,0
61,61,61,autobus,30,8/29/2024,18
62,62,62,tren,60,6/22/2024,0
63,63,63,bicicleta,120,3/5/2024,18
64,64,64,bicicleta,40,10/28/2024,15
65,65,65,tren,40,10/25/2024,15
66,66,66,tren,80,3/25/2024,0
67,67,67,tren,80,4/25/2024,0
68,68,68,autobus,120,1/8/2024,15
69,69,69,autobus,80,3/16/2024,8
70,70,70,autobus,30,2/20/2024,15
71,71,71,bicicleta,80,6/16/2024,18
72,72,72,autobus,80,5/9/2024,15
73,73,73,tren,60,10/4/2024,15
74,74,74,bicicleta,30,4/21/2024,18
75,75,75,autobus,40,9/6/2024,15
76,76,76,bicicleta,80,10/7/2024,8
77,77,77,autobus,30,1/15/2024,0
78,78,78,tren,60,1/21/2024,18
79,79,79,tren,120,4/27/2024,15
80,80,80,tren,60,1/16/2024,0
81,81,81,tren,80,1/18/2024,0
82,82,82,autobus,80,8/19/2024,0
83,83,83,bicicleta,30,3/19/2024,8
84,84,84,tren,60,7/11/2024,0
85,85,85,autobus,80,2/1/2024,8
86,86,86,autobus,30,9/14/2024,18
87,87,87,bicicleta,40,11/5/2024,8
88,88,88,tren,80,4/17/2024,15
89,89,89,bicicleta,80,5/29/2024,15
90,90,90,autobus,30,6/12/2024,15
91,91,91,autobus,30,10/11/2024,15
92,92,92,bicicleta,40,4/13/2024,15
93,93,93,autobus,30,7/21/2024,8
94,94,94,autobus,120,6/10/2024,0
95,95,95,tren,40,1/19/2024,0
96,96,96,tren,30,2/3/2024,18
97,97,97,tren,30,9/30/2024,18
98,98,98,autobus,120,7/19/2024,15
99,99,99,bicicleta,40,9/26/2024,18
100,100,100,tren,80,3/23/2024,15
101,101,101,bicicleta,80,6/23/2024,8
102,102,102,autobus,60,6/24/2024,18
103,103,103,tren,120,6/2/2024,0
104,104,104,bicicleta,30,2/14/2024,15
105,105,105,autobus,40,4/11/2024,15
106,106,106,bicicleta,120,4/29/2024,8
107,107,107,bicicleta,80,9/12/2024,15
108,108,108,tren,60,2/26/2024,18
109,109,109,autobus,120,7/15/2024,18
110,110,110,tren,60,8/28/2024,8
111,111,111,tren,120,8/5/2024,0
112,112,112,tren,60,2/5/2024,15
113,113,113,tren,40,1/31/2024,15
114,114,114,autobus,30,7/13/2024,18
115,115,115,bicicleta,80,7/20/2024,18
116,116,116,bicicleta,120,2/27/2024,8
117,117,117,tren,60,8/28/2024,18
118,118,118,bicicleta,120,3/9/2024,8
119,119,119,tren,120,1/19/2024,15
120,120,120,bicicleta,60,1/14/2024,0
121,121,121,tren,80,5/23/2024,0
122,122,122,bicicleta,40,2/2/2024,18
123,123,123,tren,40,2/18/2024,0
124,124,124,tren,120,3/27/2024,18
125,125,125,tren,60,4/30/2024,18
126,126,126,tren,120,2/26/2024,0
127,127,127,autobus,30,3/31/2024,18
128,128,128,tren,120,2/22/2024,0
129,129,129,tren,30,11/8/2024,15
130,130,130,bicicleta,80,1/14/2024,18
131,131,131,bicicleta,80,7/19/2024,18
132,132,132,tren,120,10/11/2024,8
133,133,133,autobus,120,6/23/2024,18
134,134,134,autobus,60,7/26/2024,15
135,135,135,bicicleta,120,2/6/2024,8
136,136,136,bicicleta,40,3/1/2024,18
137,137,137,tren,60,1/9/2024,15
138,138,138,tren,30,9/12/2024,15
139,139,139,autobus,60,2/8/2024,15
140,140,140,tren,30,9/6/2024,0
141,141,141,tren,80,5/10/2024,15
142,142,142,tren,30,6/1/2024,18
143,143,143,tren,60,10/6/2024,15
144,144,144,bicicleta,120,10/2/2024,18
145,145,145,bicicleta,40,10/6/2024,8
146,146,146,bicicleta,60,8/11/2024,0
147,147,147,tren,120,5/22/2024,18
148,148,148,tren,120,5/3/2024,0
149,149,149,tren,60,1/22/2024,8
150,150,150,tren,80,5/11/2024,8
151,151,151,autobus,30,5/30/2024,15
152,152,152,tren,60,6/25/2024,8
153,153,153,bicicleta,120,3/3/2024,15
154,154,154,autobus,120,9/19/2024,0
155,155,155,bicicleta,30,2/2/2024,8
156,156,156,tren,60,3/7/2024,18
157,157,157,bicicleta,40,7/29/2024,0
158,158,158,tren,80,11/5/2024,15
159,159,159,autobus,80,4/30/2024,18
160,160,160,bicicleta,120,2/1/2024,18
161,161,161,autobus,80,7/13/2024,0
162,162,162,autobus,80,3/11/2024,8
163,163,163,tren,80,9/9/2024,18
164,164,164,autobus,40,11/8/2024,18
165,165,165,bicicleta,60,8/15/2024,18
166,166,166,tren,120,5/21/2024,8
167,167,167,tren,30,4/17/2024,15
168,168,168,autobus,40,3/16/2024,8
169,169,169,autobus,60,4/12/2024,0
170,170,170,bicicleta,60,9/17/2024,18
171,171,171,tren,80,10/2/2024,18
172,172,172,bicicleta,60,6/6/2024,15
173,173,173,bicicleta,80,10/3/2024,0
174,174,174,tren,120,4/4/2024,8
175,175,175,tren,30,5/18/2024,18
176,176,176,bicicleta,120,3/15/2024,8
177,177,177,autobus,60,3/21/2024,0
178,178,178,tren,60,7/26/2024,15
179,179,179,bicicleta,80,7/13/2024,15
180,180,180,tren,60,7/4/2024,0
181,181,181,bicicleta,80,2/19/2024,18
182,182,182,bicicleta,120,10/30/2024,0
183,183,183,bicicleta,80,9/22/2024,8
184,184,184,tren,40,4/21/2024,18
185,185,185,autobus,40,6/9/2024,8
186,186,186,bicicleta,30,1/24/2024,18
187,187,187,bicicleta,30,9/15/2024,0
188,188,188,bicicleta,60,5/27/2024,0
189,189,189,autobus,40,6/11/2024,15
190,190,190,bicicleta,120,8/13/2024,18
191,191,191,autobus,80,8/22/2024,8
192,192,192,bicicleta,80,6/20/2024,18
193,193,193,autobus,120,10/9/2024,18
194,194,194,tren,40,7/1/2024,18
195,195,195,autobus,40,9/16/2024,18
196,196,196,tren,60,11/16/2024,15
197,197,197,autobus,80,1/20/2024,15
198,198,198,tren,80,5/14/2024,15
199,199,199,bicicleta,80,10/12/2024,15
200,200,200,bicicleta,80,5/30/2024,18
201,201,201,autobus,120,5/12/2024,18
202,202,202,autobus,120,8/30/2024,15
203,203,203,autobus,120,4/12/2024,0
204,204,204,autobus,120,9/17/2024,0
205,205,205,bicicleta,60,2/21/2024,8
206,206,206,autobus,30,7/11/2024,15
207,207,207,autobus,120,11/3/2024,15
208,208,208,autobus,120,1/9/2024,8
209,209,209,autobus,80,1/19/2024,18
210,210,210,autobus,40,6/18/2024,18
211,211,211,autobus,30,2/23/2024,18
212,212,212,tren,60,9/29/2024,15
213,213,213,autobus,40,1/13/2024,18
214,214,214,tren,120,7/9/2024,18
215,215,215,bicicleta,80,8/10/2024,0
216,216,216,autobus,40,3/21/2024,18
217,217,217,tren,40,8/4/2024,15
218,218,218,tren,40,10/31/2024,15
219,219,219,autobus,40,7/28/2024,8
220,220,220,bicicleta,40,10/7/2024,0
221,221,221,autobus,30,11/14/2024,15
222,222,222,tren,120,4/30/2024,8
223,223,223,tren,60,8/23/2024,18
224,224,224,bicicleta,30,10/31/2024,18
225,225,225,bicicleta,40,10/16/2024,8
226,226,226,autobus,120,3/2/2024,0
227,227,227,tren,120,6/3/2024,0
228,228,228,bicicleta,120,3/5/2024,15
229,229,229,bicicleta,40,8/14/2024,0
230,230,230,autobus,80,5/10/2024,15
231,231,231,tren,80,6/11/2024,0
232,232,232,autobus,60,4/27/2024,15
233,233,233,bicicleta,40,2/22/2024,0
234,234,234,bicicleta,60,1/12/2024,8
235,235,235,tren,60,1/6/2024,15
236,236,236,tren,30,7/10/2024,8
237,237,237,bicicleta,40,5/26/2024,15
238,238,238,tren,30,8/11/2024,8
239,239,239,bicicleta,40,4/1/2024,18
240,240,240,autobus,60,10/11/2024,18
241,241,241,bicicleta,120,1/20/2024,15
242,242,242,autobus,60,7/20/2024,8
243,243,243,autobus,30,1/31/2024,0
244,244,244,bicicleta,120,5/7/2024,18
245,245,245,tren,80,4/13/2024,18
246,246,246,bicicleta,80,11/16/2024,0
247,247,247,tren,60,7/13/2024,8
248,248,248,tren,30,5/31/2024,15
249,249,249,bicicleta,60,4/18/2024,8
250,250,250,autobus,30,7/23/2024,18
251,251,251,tren,60,5/14/2024,15
252,252,252,autobus,40,4/30/2024,15
253,253,253,tren,80,6/3/2024,0
254,254,254,autobus,120,2/9/2024,0
255,255,255,tren,40,5/26/2024,18
256,256,256,bicicleta,120,10/15/2024,0
257,257,257,bicicleta,30,1/15/2024,8
258,258,258,bicicleta,30,2/9/2024,18
259,259,259,autobus,120,1/8/2024,8
260,260,260,bicicleta,60,11/16/2024,0
261,261,261,tren,80,11/21/2024,8
262,262,262,bicicleta,80,5/22/2024,15
263,263,263,tren,120,6/10/2024,15
264,264,264,tren,80,8/29/2024,8
265,265,265,tren,60,2/1/2024,0
266,266,266,bicicleta,80,8/2/2024,18
267,267,267,tren,120,8/15/2024,18
268,268,268,tren,60,4/17/2024,15
269,269,269,autobus,40,5/21/2024,0
270,270,270,autobus,120,3/14/2024,8
271,271,271,tren,30,4/10/2024,8
272,272,272,bicicleta,30,6/11/2024,15
273,273,273,tren,120,10/29/2024,18
274,274,274,bicicleta,80,5/15/2024,18
275,275,275,autobus,80,10/12/2024,15
276,276,276,bicicleta,30,10/4/2024,0
277,277,277,tren,40,10/5/2024,0
278,278,278,bicicleta,60,8/15/2024,18
279,279,279,bicicleta,40,8/9/2024,18
280,280,280,autobus,40,6/21/2024,15
281,281,281,tren,120,8/19/2024,15
282,282,282,tren,40,3/31/2024,8
283,283,283,autobus,30,6/23/2024,0
284,284,284,autobus,40,2/20/2024,0
285,285,285,autobus,80,8/17/2024,8
286,286,286,bicicleta,120,3/12/2024,0
287,287,287,autobus,120,10/19/2024,15
288,288,288,autobus,120,10/4/2024,0
289,289,289,tren,60,9/10/2024,0
290,290,290,autobus,60,9/24/2024,8
291,291,291,tren,80,6/14/2024,18
292,292,292,bicicleta,60,7/28/2024,15
293,293,293,tren,40,10/9/2024,15
294,294,294,tren,120,10/3/2024,15
295,295,295,bicicleta,40,10/24/2024,8
296,296,296,bicicleta,60,2/26/2024,15
297,297,297,tren,80,10/8/2024,15
298,298,298,autobus,60,6/12/2024,8
299,299,299,autobus,30,7/30/2024,0
300,300,300,tren,80,2/5/2024,8
301,301,301,autobus,40,8/30/2024,15
302,302,302,tren,80,6/14/2024,18
303,303,303,bicicleta,120,9/15/2024,0
304,304,304,tren,40,8/30/2024,15
305,305,305,tren,40,2/5/2024,15
306,306,306,tren,30,6/19/2024,0
307,307,307,tren,60,7/14/2024,15
308,308,308,bicicleta,40,1/13/2024,0
309,309,309,bicicleta,40,2/14/2024,18
310,310,310,autobus,60,1/29/2024,18
311,311,311,bicicleta,60,4/26/2024,8
312,312,312,tren,60,6/2/2024,8
313,313,313,bicicleta,60,5/21/2024,15
314,314,314,bicicleta,60,3/3/2024,8
315,315,315,tren,30,10/21/2024,8
316,316,316,bicicleta,40,10/5/2024,18
317,317,317,autobus,80,1/3/2024,0
318,318,318,tren,40,6/5/2024,8
319,319,319,bicicleta,30,4/4/2024,0
320,320,320,bicicleta,120,3/7/2024,0
321,321,321,tren,120,1/6/2024,15
322,322,322,tren,30,5/2/2024,8
323,323,323,bicicleta,40,4/13/2024,18
324,324,324,bicicleta,40,10/3/2024,15
325,325,325,autobus,30,2/12/2024,8
326,326,326,tren,60,2/20/2024,18
327,327,327,bicicleta,120,11/12/2024,15
328,328,328,autobus,30,5/6/2024,18
329,329,329,bicicleta,80,7/25/2024,8
330,330,330,tren,40,4/30/2024,15
331,331,331,autobus,80,11/15/2024,18
332,332,332,tren,60,4/18/2024,15
333,333,333,bicicleta,120,6/13/2024,0
334,334,334,autobus,40,4/11/2024,15
335,335,335,autobus,30,2/20/2024,8
336,336,336,autobus,120,4/23/2024,8
337,337,337,autobus,60,10/30/2024,15
338,338,338,autobus,30,5/4/2024,18
339,339,339,autobus,120,8/29/2024,8
340,340,340,autobus,30,3/20/2024,15
341,341,341,tren,40,7/20/2024,15
342,342,342,bicicleta,60,3/10/2024,8
343,343,343,autobus,40,11/7/2024,18
344,344,344,tren,60,7/30/2024,8
345,345,345,autobus,40,7/9/2024,18
346,346,346,autobus,80,10/4/2024,18
347,347,347,autobus,40,9/7/2024,8
348,348,348,autobus,30,2/21/2024,15
349,349,349,bicicleta,80,6/4/2024,15
350,350,350,autobus,30,9/26/2024,0
351,351,351,tren,40,10/15/2024,0
352,352,352,bicicleta,80,3/1/2024,0
353,353,353,bicicleta,60,1/30/2024,8
354,354,354,bicicleta,80,8/30/2024,0
355,355,355,autobus,60,8/20/2024,8
356,356,356,bicicleta,80,8/18/2024,15
357,357,357,bicicleta,120,1/9/2024,18
358,358,358,bicicleta,120,6/30/2024,0
359,359,359,tren,40,2/21/2024,15
360,360,360,tren,30,2/20/2024,15
361,361,361,autobus,40,2/20/2024,15
362,362,362,tren,120,7/10/2024,18
363,363,363,tren,120,8/24/2024,18
364,364,364,tren,80,8/23/2024,0
365,365,365,bicicleta,30,9/23/2024,0
366,366,366,bicicleta,120,1/24/2024,0
367,367,367,autobus,30,3/17/2024,18
368,368,368,autobus,120,2/7/2024,15
369,369,369,autobus,60,9/12/2024,0
370,370,370,bicicleta,80,3/13/2024,15
371,371,371,tren,30,1/14/2024,18
372,372,372,tren,60,9/1/2024,15
373,373,373,bicicleta,60,11/16/2024,8
374,374,374,autobus,80,3/15/2024,8
375,375,375,autobus,40,3/2/2024,15
376,376,376,bicicleta,60,9/25/2024,0
377,377,377,tren,80,3/15/2024,0
378,378,378,bicicleta,60,5/3/2024,8
379,379,379,bicicleta,30,2/6/2024,15
380,380,380,autobus,80,8/17/2024,0
381,381,381,tren,60,2/26/2024,0
382,382,382,bicicleta,120,2/6/2024,8
383,383,383,bicicleta,120,1/29/2024,8
384,384,384,bicicleta,30,6/23/2024,8
385,385,385,autobus,30,7/15/2024,8
386,386,386,tren,30,3/8/2024,0
387,387,387,tren,30,7/12/2024,18
388,388,388,bicicleta,60,10/23/2024,8
389,389,389,bicicleta,120,5/20/2024,15
390,390,390,bicicleta,60,9/11/2024,0
391,391,391,bicicleta,120,5/8/2024,15
392,392,392,bicicleta,80,10/25/2024,18
393,393,393,autobus,120,1/17/2024,18
394,394,394,autobus,30,7/29/2024,18
395,395,395,autobus,120,4/1/2024,15
396,396,396,tren,40,10/17/2024,18
397,397,397,tren,30,7/21/2024,18
398,398,398,tren,120,3/4/2024,0
399,399,399,bicicleta,120,4/11/2024,15
400,400,400,tren,80,11/11/2024,18
401,401,401,autobus,120,8/5/2024,18
402,402,402,bicicleta,80,10/29/2024,8
403,403,403,bicicleta,40,6/29/2024,8
404,404,404,bicicleta,80,3/29/2024,0
405,405,405,autobus,120,5/16/2024,18
406,406,406,tren,40,9/24/2024,0
407,407,407,autobus,60,9/5/2024,15
408,408,408,tren,80,6/5/2024,8
409,409,409,tren,60,1/13/2024,0
410,410,410,bicicleta,30,5/20/2024,15
411,411,411,bicicleta,60,10/26/2024,8
412,412,412,tren,120,2/22/2024,0
413,413,413,tren,80,5/22/2024,0
414,414,414,autobus,30,2/10/2024,18
415,415,415,tren,80,2/3/2024,18
416,416,416,autobus,120,7/1/2024,8
417,417,417,autobus,120,5/22/2024,8
418,418,418,bicicleta,60,5/15/2024,15
419,419,419,bicicleta,80,1/10/2024,15
420,420,420,tren,60,10/6/2024,8
421,421,421,tren,80,9/17/2024,8
422,422,422,tren,40,6/10/2024,18
423,423,423,bicicleta,30,10/23/2024,15
424,424,424,tren,60,5/18/2024,15
425,425,425,autobus,40,9/28/2024,15
426,426,426,autobus,120,6/23/2024,8
427,427,427,tren,80,3/21/2024,8
428,428,428,autobus,60,7/21/2024,15
429,429,429,bicicleta,40,8/11/2024,8
430,430,430,autobus,60,3/22/2024,0
431,431,431,autobus,120,2/20/2024,18
432,432,432,autobus,80,3/9/2024,8
433,433,433,bicicleta,120,2/23/2024,15
434,434,434,bicicleta,60,8/31/2024,15
435,435,435,bicicleta,60,5/30/2024,18
436,436,436,bicicleta,40,10/23/2024,15
437,437,437,autobus,120,6/20/2024,0
438,438,438,bicicleta,60,8/13/2024,8
439,439,439,bicicleta,30,1/25/2024,8
440,440,440,bicicleta,120,5/16/2024,8
441,441,441,bicicleta,60,1/7/2024,15
442,442,442,autobus,120,6/9/2024,18
443,443,443,tren,80,5/12/2024,8
444,444,444,autobus,80,4/13/2024,18
445,445,445,tren,60,9/1/2024,0
446,446,446,bicicleta,30,11/20/2024,15
447,447,447,tren,60,2/9/2024,8
448,448,448,autobus,80,9/14/2024,15
449,449,449,autobus,80,3/15/2024,18
450,450,450,tren,60,5/23/2024,8
451,451,451,tren,60,9/17/2024,0
452,452,452,tren,80,3/15/2024,18
453,453,453,autobus,40,4/2/2024,8
454,454,454,autobus,80,6/9/2024,0
455,455,455,tren,60,1/17/2024,18
456,456,456,bicicleta,30,7/1/2024,0
457,457,457,tren,60,8/6/2024,18
458,458,458,bicicleta,40,10/4/2024,18
459,459,459,tren,40,1/28/2024,0
460,460,460,tren,60,9/25/2024,0
461,461,461,autobus,60,1/3/2024,18
462,462,462,bicicleta,120,8/21/2024,8
463,463,463,tren,60,8/11/2024,18
464,464,464,tren,40,10/7/2024,15
465,465,465,autobus,60,6/13/2024,0
466,466,466,tren,80,8/24/2024,15
467,467,467,bicicleta,60,7/13/2024,18
468,468,468,bicicleta,60,10/1/2024,0
469,469,469,autobus,80,10/14/2024,15
470,470,470,tren,120,9/16/2024,15
471,471,471,autobus,40,10/7/2024,8
472,472,472,autobus,60,4/23/2024,15
473,473,473,bicicleta,40,8/14/2024,8
474,474,474,bicicleta,80,8/13/2024,18
475,475,475,autobus,120,4/22/2024,0
476,476,476,bicicleta,120,10/5/2024,0
477,477,477,tren,30,7/1/2024,18
478,478,478,tren,30,10/14/2024,0
479,479,479,bicicleta,40,3/24/2024,0
480,480,480,tren,60,8/14/2024,0
481,481,481,bicicleta,40,1/26/2024,0
482,482,482,autobus,30,11/3/2024,18
483,483,483,autobus,30,2/5/2024,8
484,484,484,tren,60,2/10/2024,8
485,485,485,bicicleta,60,11/5/2024,18
486,486,486,autobus,60,9/25/2024,18
487,487,487,tren,60,2/17/2024,8
488,488,488,bicicleta,30,10/9/2024,15
489,489,489,autobus,40,4/4/2024,18
490,490,490,bicicleta,60,1/14/2024,8
491,491,491,tren,40,3/19/2024,0
492,492,492,bicicleta,80,3/22/2024,0
493,493,493,tren,60,10/11/2024,15
494,494,494,autobus,30,11/8/2024,0
495,495,495,bicicleta,40,5/9/2024,18
496,496,496,tren,60,1/17/2024,8
497,497,497,bicicleta,120,6/2/2024,15
498,498,498,bicicleta,30,9/14/2024,15
499,499,499,tren,80,9/14/2024,8
500,500,500,autobus,60,10/9/2024,18
501,501,501,bicicleta,60,9/27/2024,0
502,502,502,tren,40,3/19/2024,18
503,503,503,autobus,40,11/13/2024,0
504,504,504,bicicleta,120,6/15/2024,0
505,505,505,bicicleta,30,6/17/2024,0
506,506,506,autobus,120,1/27/2024,18
507,507,507,autobus,120,3/1/2024,15
508,508,508,autobus,40,4/6/2024,18
509,509,509,autobus,40,4/18/2024,8
510,510,510,tren,30,8/16/2024,0
511,511,511,autobus,80,9/20/2024,8
512,512,512,bicicleta,30,11/9/2024,8
513,513,513,bicicleta,40,10/30/2024,8
514,514,514,autobus,40,3/1/2024,8
515,515,515,autobus,80,1/19/2024,8
516,516,516,autobus,60,7/18/2024,0
517,517,517,tren,40,1/19/2024,0
518,518,518,autobus,40,10/5/2024,8
519,519,519,autobus,80,7/17/2024,8
520,520,520,tren,120,6/9/2024,0
521,521,521,autobus,80,4/12/2024,15
522,522,522,bicicleta,30,6/11/2024,15
523,523,523,autobus,120,1/23/2024,18
524,524,524,tren,80,7/13/2024,15
525,525,525,autobus,60,1/26/2024,0
526,526,526,bicicleta,120,8/18/2024,8
527,527,527,bicicleta,60,7/26/2024,15
528,528,528,tren,40,5/9/2024,0
529,529,529,autobus,30,3/30/2024,18
530,530,530,bicicleta,120,6/13/2024,18
531,531,531,bicicleta,80,10/7/2024,18
532,532,532,autobus,40,4/1/2024,8
533,533,533,autobus,80,1/26/2024,15
534,534,534,tren,80,9/4/2024,0
535,535,535,bicicleta,30,11/16/2024,18
536,536,536,tren,60,2/9/2024,0
537,537,537,bicicleta,120,5/1/2024,0
538,538,538,bicicleta,30,7/7/2024,8
539,539,539,autobus,60,5/6/2024,15
540,540,540,autobus,80,8/13/2024,8
541,541,541,autobus,40,11/16/2024,18
542,542,542,autobus,80,8/24/2024,8
543,543,543,tren,30,4/3/2024,8
544,544,544,autobus,30,9/6/2024,8
545,545,545,bicicleta,120,7/26/2024,0
546,546,546,autobus,120,1/29/2024,0
547,547,547,autobus,80,2/29/2024,0
548,548,548,tren,80,5/7/2024,15
549,549,549,autobus,30,3/27/2024,0
550,550,550,tren,40,9/9/2024,15
551,551,551,tren,120,1/2/2024,8
552,552,552,bicicleta,30,8/2/2024,15
553,553,553,autobus,40,1/21/2024,0
554,554,554,tren,60,5/11/2024,18
555,555,555,autobus,30,1/4/2024,15
556,556,556,bicicleta,120,11/6/2024,18
557,557,557,autobus,30,2/29/2024,15
558,558,558,bicicleta,30,7/15/2024,8
559,559,559,bicicleta,80,8/23/2024,18
560,560,560,bicicleta,40,1/27/2024,15
561,561,561,autobus,40,8/16/2024,15
562,562,562,bicicleta,30,11/10/2024,15
563,563,563,bicicleta,30,6/13/2024,18
564,564,564,tren,80,5/14/2024,8
565,565,565,autobus,120,4/9/2024,18
566,566,566,bicicleta,80,1/14/2024,18
567,567,567,autobus,80,7/2/2024,15
568,568,568,autobus,80,2/1/2024,15
569,569,569,tren,120,9/13/2024,0
570,570,570,bicicleta,120,10/18/2024,15
571,571,571,bicicleta,60,8/4/2024,0
572,572,572,bicicleta,30,10/13/2024,18
573,573,573,autobus,40,4/17/2024,0
574,574,574,bicicleta,120,9/21/2024,0
575,575,575,tren,30,6/12/2024,0
576,576,576,bicicleta,60,9/28/2024,0
577,577,577,autobus,80,10/5/2024,0
578,578,578,tren,40,2/11/2024,8
579,579,579,bicicleta,120,10/22/2024,8
580,580,580,bicicleta,30,8/21/2024,0
581,581,581,tren,60,10/24/2024,0
582,582,582,tren,30,6/28/2024,0
583,583,583,bicicleta,80,5/29/2024,18
584,584,584,autobus,120,6/14/2024,15
585,585,585,tren,30,4/29/2024,18
586,586,586,autobus,60,5/2/2024,0
587,587,587,tren,40,5/29/2024,18
588,588,588,bicicleta,30,6/23/2024,15
589,589,589,bicicleta,80,1/3/2024,8
590,590,590,bicicleta,30,9/7/2024,8
591,591,591,autobus,30,2/24/2024,15
592,592,592,autobus,120,4/27/2024,8
593,593,593,bicicleta,120,5/19/2024,0
594,594,594,autobus,30,5/23/2024,0
595,595,595,bicicleta,120,5/14/2024,18
596,596,596,bicicleta,80,9/16/2024,0
597,597,597,autobus,80,4/23/2024,0
598,598,598,tren,120,6/29/2024,8
599,599,599,autobus,40,9/16/2024,8
600,600,600,tren,40,3/7/2024,15
601,601,601,autobus,120,3/2/2024,15
602,602,602,bicicleta,40,4/19/2024,15
603,603,603,autobus,60,8/20/2024,15
604,604,604,tren,30,4/24/2024,15
605,605,605,tren,30,1/16/2024,8
606,606,606,tren,40,6/2/2024,18
607,607,607,autobus,40,9/22/2024,8
608,608,608,bicicleta,40,5/10/2024,8
609,609,609,tren,60,11/13/2024,15
610,610,610,autobus,40,4/13/2024,18
611,611,611,bicicleta,80,4/27/2024,8
612,612,612,tren,30,4/29/2024,8
613,613,613,bicicleta,30,4/16/2024,15
614,614,614,bicicleta,60,8/11/2024,15
615,615,615,autobus,40,3/22/2024,18
616,616,616,bicicleta,120,1/24/2024,18
617,617,617,autobus,30,2/6/2024,8
618,618,618,bicicleta,120,4/25/2024,8
619,619,619,autobus,40,10/9/2024,15
620,620,620,tren,40,6/13/2024,8
621,621,621,tren,40,7/22/2024,8
622,622,622,tren,40,5/12/2024,15
623,623,623,autobus,30,2/22/2024,15
624,624,624,tren,60,4/12/2024,18
625,625,625,autobus,120,7/14/2024,18
626,626,626,autobus,120,2/7/2024,0
627,627,627,autobus,80,11/3/2024,18
628,628,628,bicicleta,30,10/24/2024,0
629,629,629,tren,30,2/3/2024,18
630,630,630,autobus,30,1/5/2024,15
631,631,631,bicicleta,40,6/19/2024,15
632,632,632,autobus,120,5/2/2024,0
633,633,633,tren,80,4/19/2024,8
634,634,634,tren,80,4/24/2024,0
635,635,635,bicicleta,120,7/25/2024,8
636,636,636,autobus,120,7/31/2024,18
637,637,637,autobus,40,9/4/2024,0
638,638,638,autobus,60,9/4/2024,8
639,639,639,bicicleta,80,3/21/2024,18
640,640,640,bicicleta,120,4/10/2024,18
641,641,641,autobus,30,8/30/2024,18
642,642,642,bicicleta,120,9/27/2024,15
643,643,643,tren,40,6/19/2024,15
644,644,644,tren,40,5/17/2024,8
645,645,645,bicicleta,60,4/2/2024,15
646,646,646,autobus,30,7/4/2024,8
647,647,647,tren,80,2/8/2024,0
648,648,648,bicicleta,30,7/9/2024,0
649,649,649,autobus,80,3/31/2024,8
650,650,650,tren,80,10/24/2024,8
651,651,651,tren,40,3/11/2024,15
652,652,652,tren,120,5/29/2024,8
653,653,653,bicicleta,60,1/15/2024,8
654,654,654,tren,30,6/17/2024,8
655,655,655,bicicleta,120,4/29/2024,18
656,656,656,tren,80,3/12/2024,8
657,657,657,autobus,120,11/3/2024,15
658,658,658,tren,40,10/15/2024,15
659,659,659,bicicleta,30,9/8/2024,15
660,660,660,autobus,40,10/2/2024,0
661,661,661,bicicleta,30,2/25/2024,18
662,662,662,autobus,60,9/26/2024,15
663,663,663,autobus,30,4/1/2024,15
664,664,664,tren,60,10/3/2024,15
665,665,665,bicicleta,80,5/2/2024,15
666,666,666,autobus,30,2/1/2024,8
667,667,667,autobus,120,2/24/2024,15
668,668,668,autobus,40,6/14/2024,18
669,669,669,tren,30,5/10/2024,0
670,670,670,autobus,80,6/11/2024,0
671,671,671,autobus,30,11/16/2024,18
672,672,672,bicicleta,80,4/4/2024,8
673,673,673,bicicleta,60,1/1/2024,18
674,674,674,autobus,60,4/19/2024,18
675,675,675,tren,30,2/5/2024,8
676,676,676,autobus,80,8/26/2024,0
677,677,677,tren,40,8/15/2024,0
678,678,678,tren,30,2/3/2024,8
679,679,679,bicicleta,30,5/22/2024,18
680,680,680,tren,120,10/16/2024,0
681,681,681,bicicleta,80,3/22/2024,0
682,682,682,tren,80,6/21/2024,8
683,683,683,bicicleta,80,5/29/2024,15
684,684,684,autobus,40,1/28/2024,0
685,685,685,autobus,80,8/28/2024,18
686,686,686,tren,30,2/25/2024,15
687,687,687,autobus,120,9/21/2024,18
688,688,688,autobus,80,4/8/2024,0
689,689,689,bicicleta,30,6/14/2024,18
690,690,690,tren,120,10/22/2024,15
691,691,691,autobus,40,6/24/2024,8
692,692,692,tren,40,6/10/2024,0
693,693,693,tren,40,1/2/2024,0
694,694,694,tren,40,4/6/2024,18
695,695,695,autobus,80,3/5/2024,8
696,696,696,autobus,80,6/18/2024,8
697,697,697,tren,120,4/17/2024,8
698,698,698,tren,80,8/23/2024,18
699,699,699,autobus,30,3/16/2024,18
700,700,700,bicicleta,30,9/23/2024,0
701,701,701,bicicleta,80,7/29/2024,8
702,702,702,autobus,30,9/8/2024,18
703,703,703,tren,80,3/4/2024,18
704,704,704,bicicleta,30,7/23/2024,8
705,705,705,bicicleta,30,3/26/2024,15
706,706,706,tren,80,4/22/2024,0
707,707,707,tren,120,7/11/2024,18
708,708,708,bicicleta,60,2/25/2024,0
709,709,709,autobus,40,7/2/2024,0
710,710,710,autobus,40,10/13/2024,15
711,711,711,tren,40,5/16/2024,8
712,712,712,tren,120,9/15/2024,8
713,713,713,bicicleta,40,2/4/2024,15
714,714,714,bicicleta,30,3/17/2024,18
715,715,715,bicicleta,120,4/6/2024,15
716,716,716,tren,120,10/25/2024,18
717,717,717,autobus,120,1/31/2024,15
718,718,718,tren,120,2/26/2024,15
719,719,719,bicicleta,80,2/28/2024,18
720,720,720,tren,30,9/19/2024,15
721,721,721,tren,30,7/20/2024,0
722,722,722,bicicleta,80,6/1/2024,15
723,723,723,tren,120,4/26/2024,18
724,724,724,autobus,60,7/25/2024,18
725,725,725,autobus,120,11/19/2024,8
726,726,726,tren,60,10/14/2024,0
727,727,727,tren,40,4/19/2024,8
728,728,728,tren,120,3/23/2024,8
729,729,729,autobus,40,10/8/2024,18
730,730,730,tren,80,8/22/2024,0
731,731,731,tren,120,8/26/2024,18
732,732,732,bicicleta,40,11/6/2024,8
733,733,733,tren,40,10/4/2024,18
734,734,734,tren,60,8/6/2024,18
735,735,735,autobus,80,11/6/2024,0
736,736,736,bicicleta,60,10/31/2024,18
737,737,737,tren,80,7/25/2024,0
738,738,738,tren,30,5/11/2024,0
739,739,739,bicicleta,120,8/16/2024,0
740,740,740,autobus,40,5/27/2024,0
741,741,741,autobus,30,6/18/2024,18
742,742,742,bicicleta,120,2/25/2024,18
743,743,743,bicicleta,30,10/14/2024,15
744,744,744,bicicleta,80,6/12/2024,15
745,745,745,bicicleta,30,11/16/2024,8
746,746,746,autobus,80,3/31/2024,8
747,747,747,autobus,30,7/3/2024,8
748,748,748,bicicleta,30,7/5/2024,8
749,749,749,bicicleta,120,8/19/2024,8
750,750,750,tren,30,4/11/2024,15
751,751,751,tren,40,6/7/2024,0
752,752,752,bicicleta,120,10/25/2024,18
753,753,753,tren,30,10/30/2024,8
754,754,754,bicicleta,80,3/19/2024,8
755,755,755,autobus,80,7/5/2024,8
756,756,756,bicicleta,120,11/4/2024,15
757,757,757,bicicleta,120,6/15/2024,15
758,758,758,bicicleta,120,1/30/2024,15
759,759,759,tren,80,9/23/2024,15
760,760,760,bicicleta,30,1/14/2024,0
761,761,761,autobus,120,1/12/2024,15
762,762,762,autobus,40,2/13/2024,18
763,763,763,autobus,80,3/29/2024,15
764,764,764,bicicleta,40,8/16/2024,18
765,765,765,tren,30,4/10/2024,18
766,766,766,tren,120,5/2/2024,18
767,767,767,tren,120,8/10/2024,0
768,768,768,bicicleta,40,2/26/2024,0
769,769,769,tren,80,2/3/2024,15
770,770,770,bicicleta,40,9/12/2024,15
771,771,771,bicicleta,40,6/14/2024,0
772,772,772,tren,80,2/4/2024,15
773,773,773,bicicleta,60,8/26/2024,0
774,774,774,bicicleta,40,7/12/2024,18
775,775,775,tren,60,1/4/2024,8
776,776,776,bicicleta,40,10/25/2024,15
777,777,777,autobus,80,3/26/2024,8
778,778,778,tren,60,9/30/2024,18
779,779,779,autobus,40,1/18/2024,18
780,780,780,autobus,60,2/27/2024,0
781,781,781,bicicleta,120,5/20/2024,15
782,782,782,bicicleta,120,1/24/2024,8
783,783,783,autobus,120,9/4/2024,0
784,784,784,autobus,40,8/16/2024,8
785,785,785,bicicleta,40,8/21/2024,18
786,786,786,tren,40,10/15/2024,15
787,787,787,autobus,30,9/6/2024,0
788,788,788,bicicleta,120,2/20/2024,8
789,789,789,autobus,120,10/8/2024,8
790,790,790,tren,120,4/8/2024,8
791,791,791,bicicleta,30,6/21/2024,8
792,792,792,autobus,120,3/19/2024,18
793,793,793,autobus,60,3/30/2024,18
794,794,794,bicicleta,60,2/12/2024,15
795,795,795,bicicleta,120,1/20/2024,8
796,796,796,bicicleta,80,7/12/2024,8
797,797,797,tren,120,10/24/2024,15
798,798,798,tren,120,4/16/2024,0
799,799,799,autobus,120,2/19/2024,15
800,800,800,autobus,120,4/25/2024,8
801,801,801,autobus,40,2/15/2024,18
802,802,802,autobus,40,3/2/2024,8
803,803,803,bicicleta,60,5/20/2024,18
804,804,804,autobus,40,5/28/2024,15
805,805,805,tren,120,3/2/2024,8
806,806,806,bicicleta,60,6/24/2024,15
807,807,807,tren,30,6/17/2024,0
808,808,808,tren,80,9/10/2024,8
809,809,809,tren,30,9/15/2024,18
810,810,810,tren,80,10/5/2024,0
811,811,811,tren,30,8/13/2024,18
812,812,812,bicicleta,80,9/5/2024,18
813,813,813,autobus,40,2/24/2024,15
814,814,814,tren,120,3/27/2024,0
815,815,815,bicicleta,60,11/2/2024,0
816,816,816,tren,80,9/2/2024,8
817,817,817,tren,30,6/20/2024,18
818,818,818,bicicleta,80,11/10/2024,0
819,819,819,autobus,60,1/13/2024,15
820,820,820,tren,120,6/17/2024,15
821,821,821,bicicleta,60,4/30/2024,8
822,822,822,bicicleta,40,1/8/2024,8
823,823,823,tren,30,2/4/2024,15
824,824,824,bicicleta,120,3/4/2024,0
825,825,825,tren,80,7/6/2024,15
826,826,826,autobus,40,7/18/2024,8
827,827,827,autobus,120,11/11/2024,0
828,828,828,bicicleta,80,9/1/2024,18
829,829,829,tren,60,7/30/2024,15
830,830,830,bicicleta,60,2/10/2024,18
831,831,831,autobus,30,7/2/2024,0
832,832,832,bicicleta,30,9/6/2024,0
833,833,833,autobus,120,6/12/2024,15
834,834,834,autobus,120,6/29/2024,8
835,835,835,tren,40,5/23/2024,0
836,836,836,autobus,120,7/20/2024,18
837,837,837,autobus,60,11/9/2024,15
838,838,838,tren,80,8/1/2024,18
839,839,839,bicicleta,60,8/21/2024,0
840,840,840,tren,40,11/15/2024,18
841,841,841,tren,30,7/16/2024,15
842,842,842,autobus,40,3/17/2024,15
843,843,843,tren,60,4/24/2024,18
844,844,844,tren,30,8/21/2024,8
845,845,845,autobus,40,3/25/2024,15
846,846,846,tren,120,1/19/2024,15
847,847,847,tren,80,5/3/2024,18
848,848,848,tren,120,7/9/2024,18
849,849,849,autobus,120,11/21/2024,0
850,850,850,bicicleta,40,1/17/2024,18
851,851,851,tren,30,1/23/2024,8
852,852,852,tren,40,9/20/2024,0
853,853,853,bicicleta,30,8/25/2024,15
854,854,854,bicicleta,60,3/16/2024,15
855,855,855,autobus,60,9/3/2024,15
856,856,856,bicicleta,60,5/18/2024,15
857,857,857,tren,30,5/3/2024,0
858,858,858,bicicleta,60,6/12/2024,15
859,859,859,autobus,80,9/22/2024,15
860,860,860,bicicleta,40,2/2/2024,15
861,861,861,autobus,120,5/7/2024,18
862,862,862,bicicleta,80,9/20/2024,18
863,863,863,bicicleta,120,1/20/2024,15
864,864,864,autobus,60,7/6/2024,15
865,865,865,autobus,30,9/15/2024,18
866,866,866,bicicleta,120,10/19/2024,8
867,867,867,autobus,30,1/31/2024,8
868,868,868,autobus,30,4/21/2024,8
869,869,869,autobus,120,4/5/2024,15
870,870,870,autobus,30,10/14/2024,18
871,871,871,tren,80,9/29/2024,8
872,872,872,bicicleta,120,9/30/2024,0
873,873,873,autobus,80,11/18/2024,15
874,874,874,bicicleta,30,8/30/2024,0
875,875,875,tren,80,9/26/2024,0
876,876,876,bicicleta,40,10/10/2024,15
877,877,877,bicicleta,60,9/27/2024,8
878,878,878,bicicleta,60,11/17/2024,8
879,879,879,autobus,120,1/19/2024,8
880,880,880,bicicleta,40,10/30/2024,0
881,881,881,autobus,30,2/26/2024,18
882,882,882,autobus,120,10/11/2024,0
883,883,883,autobus,30,7/29/2024,0
884,884,884,tren,80,8/14/2024,8
885,885,885,autobus,40,2/4/2024,0
886,886,886,bicicleta,120,11/8/2024,0
887,887,887,autobus,60,1/23/2024,8
888,888,888,tren,30,10/31/2024,18
889,889,889,bicicleta,30,6/25/2024,0
890,890,890,autobus,60,10/10/2024,18
891,891,891,autobus,80,7/6/2024,8
892,892,892,tren,120,11/17/2024,18
893,893,893,tren,80,9/23/2024,0
894,894,894,autobus,80,1/17/2024,0
895,895,895,tren,120,2/29/2024,8
896,896,896,bicicleta,60,1/31/2024,18
897,897,897,bicicleta,30,9/14/2024,8
898,898,898,autobus,60,4/30/2024,0
899,899,899,autobus,30,5/15/2024,18
900,900,900,tren,30,5/8/2024,18
901,901,901,tren,120,1/25/2024,0
902,902,902,autobus,120,3/23/2024,0
903,903,903,autobus,40,1/5/2024,15
904,904,904,tren,120,9/27/2024,8
905,905,905,tren,60,5/26/2024,15
906,906,906,bicicleta,60,8/31/2024,15
907,907,907,autobus,40,7/24/2024,8
908,908,908,bicicleta,40,11/13/2024,8
909,909,909,autobus,80,3/29/2024,8
910,910,910,tren,40,1/29/2024,15
911,911,911,autobus,30,1/24/2024,8
912,912,912,bicicleta,80,6/13/2024,15
913,913,913,autobus,40,6/26/2024,8
914,914,914,autobus,40,5/13/2024,18
915,915,915,tren,60,7/4/2024,0
916,916,916,bicicleta,60,4/1/2024,15
917,917,917,tren,30,2/28/2024,8
918,918,918,autobus,40,3/22/2024,18
919,919,919,autobus,60,8/17/2024,0
920,920,920,tren,120,9/23/2024,18
921,921,921,autobus,80,11/10/2024,8
922,922,922,bicicleta,120,11/13/2024,15
923,923,923,autobus,60,1/15/2024,15
924,924,924,bicicleta,40,7/11/2024,0
925,925,925,autobus,30,9/18/2024,15
926,926,926,tren,60,7/7/2024,8
927,927,927,bicicleta,40,1/15/2024,0
928,928,928,tren,40,7/11/2024,15
929,929,929,tren,30,2/22/2024,15
930,930,930,tren,60,6/20/2024,8
931,931,931,tren,40,7/6/2024,0
932,932,932,autobus,60,1/2/2024,15
933,933,933,tren,40,1/27/2024,18
934,934,934,tren,40,9/13/2024,0
935,935,935,autobus,60,1/13/2024,18
936,936,936,bicicleta,40,9/30/2024,18
937,937,937,autobus,120,2/28/2024,15
938,938,938,tren,60,4/12/2024,0
939,939,939,bicicleta,30,3/15/2024,0
940,940,940,bicicleta,30,4/2/2024,18
941,941,941,autobus,60,7/25/2024,18
942,942,942,bicicleta,80,7/13/2024,0
943,943,943,autobus,60,1/15/2024,8
944,944,944,bicicleta,60,7/31/2024,0
945,945,945,autobus,120,11/4/2024,0
946,946,946,bicicleta,120,3/28/2024,8
947,947,947,tren,120,1/19/2024,8
948,948,948,bicicleta,30,5/19/2024,8
949,949,949,tren,30,1/25/2024,15
950,950,950,bicicleta,40,4/6/2024,18
951,951,951,bicicleta,120,7/12/2024,15
952,952,952,tren,120,7/16/2024,15
953,953,953,autobus,40,2/14/2024,0
954,954,954,tren,120,1/3/2024,15
955,955,955,bicicleta,120,4/8/2024,8
956,956,956,autobus,120,6/26/2024,15
957,957,957,tren,40,1/8/2024,0
958,958,958,autobus,60,2/14/2024,0
959,959,959,tren,120,9/5/2024,15
960,960,960,tren,60,7/6/2024,18
961,961,961,tren,120,10/3/2024,8
962,962,962,tren,60,10/31/2024,0
963,963,963,autobus,40,5/13/2024,8
964,964,964,tren,60,5/17/2024,15
965,965,965,autobus,30,10/8/2024,0
966,966,966,autobus,60,11/17/2024,18
967,967,967,autobus,120,11/6/2024,18
968,968,968,autobus,30,3/6/2024,8
969,969,969,autobus,30,7/29/2024,0
970,970,970,autobus,40,7/4/2024,18
971,971,971,tren,80,11/16/2024,8
972,972,972,autobus,30,8/2/2024,0
973,973,973,autobus,60,1/8/2024,15
974,974,974,bicicleta,80,11/2/2024,15
975,975,975,autobus,80,4/28/2024,15
976,976,976,bicicleta,60,2/23/2024,0
977,977,977,autobus,80,9/10/2024,8
978,978,978,tren,60,10/11/2024,0
979,979,979,bicicleta,40,5/7/2024,8
980,980,980,bicicleta,80,8/13/2024,18
981,981,981,autobus,80,5/12/2024,15
982,982,982,tren,120,1/19/2024,15
983,983,983,bicicleta,40,11/12/2024,15
984,984,984,bicicleta,30,7/8/2024,15
985,985,985,bicicleta,40,10/3/2024,0
986,986,986,tren,120,2/22/2024,15
987,987,987,autobus,30,8/13/2024,15
988,988,988,tren,30,7/8/2024,18
989,989,989,tren,30,5/31/2024,15
990,990,990,bicicleta,80,6/29/2024,15
991,991,991,tren,40,11/11/2024,0
992,992,992,bicicleta,40,5/12/2024,0
993,993,993,tren,80,9/19/2024,15
994,994,994,tren,30,1/18/2024,8
995,995,995,bicicleta,80,4/29/2024,8
996,996,996,bicicleta,60,3/11/2024,0
997,997,997,tren,120,7/11/2024,15
998,998,998,bicicleta,80,5/19/2024,0
999,999,999,tren,30,9/5/2024,15
1000,1000,1000,autobus,30,4/18/2024,18
